Title,Artists,Quality,Transpose,Link,,,,,
1973,James Blunt,,,https://www.sheetmusicdirect.com/en-US/se/ID_No/62565/Product.aspx,,,,,
(I Just) Died in Your Arms,Cutting Crew,★★,,https://www.sheetmusicdirect.com/en-US/se/ID_No/57395/Product.aspx,,,,,
(They Long to Be) Close to You,"Burt Bacharach, Hal David",,,https://www.sheetmusicdirect.com/en-US/se/ID_No/19647/Product.aspx,,,,,
(Where Do I Begin?) Love Story,"Francis Lai, Carl Sigman",★★★★,,https://www.sheetmusicdirect.com/en-US/se/ID_No/16404/Product.aspx,,,,,
*fin (Chords),Anberlin,★★★,,https://tabs.ultimate-guitar.com/tab/anberlin/fin-chords-484728,,,,,
100 Years,Five for Fighting,★★,,https://www.sheetmusicdirect.com/en-US/se/ID_No/26572/Product.aspx,,,,,
21 Guns (American Idiot),Green Day,★★★,,https://www.sheetmusicdirect.com/en-US/se/ID_No/86042/Product.aspx,,,,,
7 Rings,Ariana Grande,,,https://www.sheetmusicdirect.com/en-US/se/ID_No/408704/Product.aspx,,,,,
93 Million Miles,Jason Mraz,★★★★,,https://www.sheetmusicdirect.com/en-US/se/ID_No/92118/Product.aspx,,,,,
A Christmas Song,Nat King Cole,,,https://www.sheetmusicdirect.com/en-US/se/ID_No/85778/Product.aspx,,,,,
A Sky Full of Stars,Coldplay,★,,https://musescore.com/official_author/scores/6921571,,,,,
A Sunday Kind of Love,Etta James,,,https://www.sheetmusicdirect.com/en-US/se/ID_No/30899/Product.aspx,,,,,
About Damn Time,Lizzo,,-1,https://www.sheetmusicdirect.com/en-US/se/ID_No/937353/Product.aspx,,,,,
Adore You,Harry Styles,,,https://www.sheetmusicwdirect.com/en-US/se/ID_No/435370/Product.aspx,,,,,
Aida,Sarah McLachlan,★★,,https://www.sheetmusicdirect.com/en-US/se/ID_No/16635/Product.aspx,,,,,
Aimer (Roméo Et Juliette),"Cécilia Cara, Damien Sargue",★,,https://musescore.com/user/36962362/scores/10981309,,,,,
All by Myself,Eric Carmen,★★★★,0,https://www.sheetmusicdirect.com/en-US/se/ID_No/33535/Product.aspx,,,,,
All Fall Down,OneRepublic,★★★,,https://www.sheetmusicdirect.com/en-US/se/ID_No/64986/Product.aspx,,,,,
All I Ask Of You (Phantom Of The Opera),Andrew Lloyd Webber,,,https://www.sheetmusicdirect.com/en-US/se/ID_No/21369/Product.aspx,,,,,
All In Love Is Fair,Stevie Wonder,★★,,https://www.sheetmusicdirect.com/en-US/se/ID_No/26573/Product.aspx,,,,,
All of Me,John Legend,,,https://www.sheetmusicdirect.com/en-US/se/ID_No/117530/Product.aspx,,,,,
All We Do,Oh Wonder,★★,,https://www.sheetmusicdirect.com/en-US/se/ID_No/124069/Product.aspx,,,,,
Almost Lover,A Fine Frenzy,,,https://musescore.com/official_author/scores/6921643,,,,,
Alone Again (Naturally),Gilbert O'Sullivan,★★,1,https://www.sheetmusicdirect.com/en-US/se/ID_No/23948/Product.aspx,,,,,
Always,Billie Holiday,,,https://www.sheetmusicdirect.com/en-US/se/ID_No/16318/Product.aspx,,,,,
Always and Forever,"Heatwave, Rod Temperton",★★★★,,https://www.sheetmusicdirect.com/en-US/se/ID_No/19811/Product.aspx,,,,,
Always Remember Us This Way,Lady Gaga,★,,https://www.sheetmusicdirect.com/en-US/se/ID_No/403235/Product.aspx,,,,,
And So It Goes,Billy Joel,,,https://www.sheetmusicdirect.com/en-US/se/ID_No/56313/Product.aspx,,,,,
Angel,Sarah McLachlan,★★,,https://www.sheetmusicdirect.com/en-US/se/ID_No/18204/Product.aspx,,,,,
Another Love,Tom Odell,,,https://www.sheetmusicdirect.com/en-US/se/ID_No/1222795/Product.aspx,,,,,
Anything Goes,Cole Porter,★★★,,https://www.sheetmusicdirect.com/en-US/se/ID_No/38789/Product.aspx\,,,,,
Arthur's Theme,Christopher Cross,,,https://www.sheetmusicdirect.com/en-US/se/ID_No/92024/Product.aspx,,,,,
As It Was,Harry Styles,,,https://www.sheetmusicdirect.com/en-US/se/ID_No/859565/Product.aspx,,,,,
As the World Caves In,Sarah Cothran,★★★,,https://www.sheetmusicdirect.com/en-US/se/ID_No/488993/Product.aspx,,,,,
Atmosphere,Kaskade,,,https://musescore.com/official_scores/scores/6938891,,,,,
Attention,Charlie Puth,★,,https://www.sheetmusicdirect.com/en-US/se/ID_No/183667/Product.aspx,,,,,
Babe,Styx,★★★★,,https://www.sheetmusicdirect.com/en-US/se/ID_No/65337/Product.aspx,,,,,
Beast of Burden,The Rolling Stones,,,https://www.sheetmusicdirect.com/en-US/se/ID_No/16606/Product.aspx,,,,,
Beggin',Måneskin,,0,https://www.sheetmusicdirect.com/en-US/se/ID_No/496784/Product.aspx,,,,,
Believe,Cher,,,https://musescore.com/official_scores/scores/6951659,,,,,
Belle (Notre-Dame de Paris),Giroud,★,,https://musescore.com/user/1185421/scores/5548181,,,,,
Best of Times,Styx,★★★,,https://www.sheetmusicdirect.com/en-US/se/ID_No/65338/Product.aspx,,,,,
Best Part,H.E.R.,★★★,,https://www.sheetmusicdirect.com/en-US/se/ID_No/409815/Product.aspx,,,,,
Beyond the Sea,"Charles Trenet, Albert Lasry",,,https://www.sheetmusicdirect.com/en-US/se/ID_No/43632/Product.aspx,,,,,
Birds of a Feather,Billie Eilish,★★,,https://www.sheetmusicdirect.com/en-US/Search.aspx?query=Pop%20Piano,,,,,
Black & Gold,Sam Sparro,,,https://musescore.com/official_author/scores/6921845,,,,,
Black Water,The Doobie Brothers,,0,https://www.sheetmusicdirect.com/en-US/se/ID_No/92248/Product.aspx,,,,,
Blackbird (Jazz Rendition),Beatles,,,https://www.sheetmusicdirect.com/en-US/se/ID_No/67226/Product.aspx,,,,,
Blinding Lights,The Weeknd,★★★,0,https://www.sheetmusicdirect.com/en-US/se/ID_No/432384/Product.aspx,,,,,
Bohemian Rhapsody,Queen,,,https://www.sheetmusicdirect.com/en-US/se/ID_No/18119/Product.aspx,,,,,
Born To Die,Lana Del Rey,,,https://www.sheetmusicdirect.com/en-US/se/ID_No/113587/Product.aspx,,,,,
Boston,Augustana,,,https://www.sheetmusicdirect.com/en-US/se/ID_No/57084/Product.aspx,,,,,
"Both Sides, Now",Joni Mitchell,,-1,https://www.sheetmusicdirect.com/en-US/se/ID_No/979424/Product.aspx,,,,,
Boulevard of Broken Dreams,Green Day,★★,,https://www.sheetmusicdirect.com/en-US/se/ID_No/94658/Product.aspxx,,,,,70s
Breakfast in America,Supertramp,,,https://www.sheetmusicdirect.com/en-US/se/ID_No/23276/Product.aspx,,,,,
Bridge Over Troubled Water,Simon And Garfunkle,★,,https://www.sheetmusicdirect.com/en-US/se/ID_No/79896/Product.aspx,,,,,90s
Broken Vow,Josh Groban,★★,,https://www.sheetmusicdirect.com/en-US/se/ID_No/23420/Product.aspx,,,,,Gospel
Buddy Holly,Weezer,,,https://www.sheetmusicdirect.com/en-US/se/ID_No/16742/Product.aspx,,,,,
Calma,Farruko,,,https://musescore.com/user/31086979/scores/6421982,,,,,
Can You Feel the Love Tonight,Elton John,,,https://www.sheetmusicdirect.com/en-US/se/ID_No/16276/Product.aspx,,,,,
Careless Whisper,George Michael,★★★★,,PDF,,,,,
Chandelier,Chandelier,★★★,-1,https://www.sheetmusicdirect.com/en-US/se/ID_No/155055/Product.aspx,,,,,
Charmaine,"Ernö Rapée, Lew Pollack",★★★★,,https://www.sheetmusicdirect.com/en-US/se/ID_No/158543/Product.aspx,,,,,
Cold,Chris Stapleton,★,,https://www.sheetmusicdirect.com/en-US/se/ID_No/469688/Product.aspx,,,,,
Cold Heart,"Elton John, PNAU",★★★,-1,https://www.sheetmusicdirect.com/en-US/se/ID_No/501480/Product.aspx,,,,,
Cold Little Heart,Michael Kiwanuka,★★★★★,,https://www.sheetmusicdirect.com/en-US/se/ID_No/406539/Product.aspx,,,,,80s
Come Home,OneRepublic,★★★★,,https://www.sheetmusicdirect.com/en-US/se/ID_No/64965/Product.aspx,,,,,
Come Sail Away,Styx,,,https://www.sheetmusicdirect.com/en-US/se/ID_No/19908/Product.aspx,,,,,
Come What May (Moulin Rouge!),"David Baerwald, ‎Kevin Gilbert‎",★★,,https://www.sheetmusicdirect.com/en-US/se/ID_No/40416/Product.aspx,,,,,
Crawling,Linkin Park,,,https://musescore.com/user/24362951/scores/4515206,,,,,
Crazy,Gnarls Barkeley,★★★★,,https://www.sheetmusicdirect.com/en-US/se/ID_No/55568/Product.aspx,,,,,
Crazy on You,Heart,,,https://www.sheetmusicdirect.com/en-US/se/ID_No/26398/Product.aspx,,,,,
Crazy She Calls Me,Carl Sigman,★★★★,,https://www.scribd.com/read/269679525/Jazz-Ballads-Jazz-Piano-Solos-Series-Volume-10,,,,,
Creep,Radiohead,,,https://www.sheetmusicdirect.com/en-US/se/ID_No/24567/Product.aspx,,,,,
Cryin',Aerosmith,,,https://www.sheetmusicdirect.com/en-US/se/ID_No/16352/Product.aspx,,,,,
Dance the Night (Barbie),Dua Lipa,,,https://www.sheetmusicdirect.com/en-US/se/ID_No/1334924/Product.aspx,,,,,
Dance With Me,Orleans,★,,https://www.sheetmusicdirect.com/en-US/se/ID_No/67174/Product.aspx,,,,,
Dancing in the Moonlight,King Harvest,,,https://www.sheetmusicdirect.com/en-US/se/ID_No/160679/Product.aspx,,,,,
Dancing Queen,ABBA,,,https://www.sheetmusicdirect.com/en-US/se/ID_No/30409/Product.aspx,,,,,
Dancing with a Stranger,"Normani, Sam Smith",★★★★,,https://www.sheetmusicdirect.com/en-US/se/ID_No/408463/Product.aspx,,,,,
Dear Hearts and Gentle People,Bob Crosby & The Bob Cats,★★★★,,https://www.sheetmusicdirect.com/en-US/se/ID_No/97037/Product.aspx,,,,,
Desperado,The Eagles,★★★,,https://www.sheetmusicdirect.com/en-US/se/ID_No/92027/Product.aspx,,,,,
Do You Realize,The Flaming Lips,,,https://www.sheetmusicdirect.com/en-US/se/ID_No/153478/Product.aspx,,,,,
Doing All Right,Queen,,,https://www.sheetmusicdirect.com/en-US/se/ID_No/403442/Product.aspx,,,,,
Don't Let the Sun Go Down on Me,"Elton John, George Michael",,,https://www.sheetmusicdirect.com/en-US/se/ID_No/18072/Product.aspx,,,,,
Don't Look Back in Anger,Oasis,,,https://www.sheetmusicdirect.com/en-US/se/ID_No/13648/Product.aspx,,,,,
Don't Stop Believin',Journey,,,https://www.sheetmusicdirect.com/en-US/se/ID_No/75782/Product.aspx,,,,,
Doubt,Delphic,★★,,https://musescore.com/user/39593079/scores/15396124,,,,,
Dream a Little Dream of Me,"Fabian Andre, Wilbur Schwandt",,,https://www.sheetmusicdirect.com/en-US/se/ID_No/52342/Product.aspx,,,,,
Dreams,The Cranberries,★,,https://www.sheetmusicdirect.com/en-US/se/ID_No/157897/Product.aspx,,,,,
Dreams,Fleetwood Mac,,,https://www.sheetmusicdirect.com/en-US/se/ID_No/30933/Product.aspx,,,,,
Drive,Incubus,,,https://www.sheetmusicdirect.com/en-US/se/ID_No/18035/Product.aspx,,,,,
Easy,Commodores,★★,,https://www.sheetmusicdirect.com/en-US/se/ID_No/22261/Product.aspx,,,,,
Easy On Me,Adele Adkins,,,https://www.sheetmusicdirect.com/en-US/se/ID_No/514612/Product.aspx,,,,,
Ebb Tide,The Righteous Brothers,★★★★★,,https://www.sheetmusicdirect.com/en-US/se/ID_No/23834/Product.aspx,,,,,
Elastic Heart,Sia,★★★,,https://www.sheetmusicdirect.com/en-US/se/ID_No/154077/Product.aspx,,,,,
Electric Feel,MGMT,★★,,https://www.sheetmusicdirect.com/en-US/se/ID_No/42865/Product.aspx,,,,,
Embraceable You,George and Ira Gershwin,,,https://www.sheetmusicdirect.com/en-US/se/ID_No/95683/Product.aspx,,,,,
Emma – Piano Suite,Rachel Portman,,,https://www.sheetmusicdirect.com/en-US/se/ID_No/814116/Product.aspx,,,,,
Empty Chairs at Empty Tables (Les Misérables),Michael Ball,★★★★,,https://www.sheetmusicdirect.com/en-US/se/ID_No/29260/Product.aspx,,,,,
End Of The Road,Boys II Men,★,,https://www.sheetmusicdirect.com/en-US/se/ID_No/16360/Product.aspx,,,,,
Endless Love,Diana Ross & Lionel Ritchie,★★★★,,https://www.sheetmusicdirect.com/en-US/se/ID_No/16361/Product.aspx,,,,,
Endlessly,Muse,★★★,,https://musescore.com/official_author/scores/6922331,,,,,
Everytime,Britney Spears,★★★★,,PDF,,,,,
Eye in the Sky,Alan Parsons Project,★★★,,https://www.sheetmusicdirect.com/en-US/se/ID_No/23477/Product.aspx,,,,,
Faded,Alan Walker,★★★,,https://www.sheetmusicdirect.com/en-US/se/ID_No/122859/Product.aspx,,,,,
Feelings (Dime),Morris Albert,★★,,https://www.sheetmusicdirect.com/en-US/se/ID_No/36764/Product.aspx,,,,,
Fireflies,Adam Young,★★★★,,https://www.sheetmusicdirect.com/en-US/se/ID_No/72406/Product.aspx,,,,,
"Five Foot Two, Eyes Of Blue",Lewis and Young,,,https://www.sheetmusicdirect.com/en-US/se/ID_No/28763/Product.aspx,,,,,
Fix You,Coldplay,★★★★,,https://www.sheetmusicdirect.com/en-US/se/ID_No/32247/Product.aspx,,,,,
Flowers,Miley Cyrus,★★★,,https://www.sheetmusicdirect.com/en-US/se/ID_No/1255983/w,,,,,
Foolish Heart,Steve Perry,,-1,https://www.sheetmusicdirect.com/en-US/se/ID_No/53695/Product.aspx,,,,,
For You And I,10cc,,,https://archive.org/details/10cc-ForYouAndI1978-SheetMusic_201901/page/3/mode/2up?view=theater,,,,,
Fuck You,Lilly Allen,,,https://musescore.com/user/36078479/scores/8456651,,,,,
Genius,LSD,,,https://www.sheetmusicdirect.com/en-US/se/ID_No/252678/Product.aspx,,,,,
Get Lucky,Daft Punk,,,https://musescore.com/official_scores/scores/6938008,,,,,
Glimpse of Us,Joji,★★★★,,https://www.sheetmusicdirect.com/en-US/se/ID_No/1147921/Product.aspx,,,,,
Good Life,OneRepublic,,,https://www.sheetmusicdirect.com/en-US/se/ID_No/84085/Product.aspx,,,,,
Good Luck Babe,Chappel Roan,★★★,,https://www.sheetmusicdirect.com/en-US/se/ID_No/1569656/Product.aspx,,,,,
Good Things Fall Apart,Illenium and Jon Bellion,,,https://musescore.com/official_scores/scores/6944678,,,,,
Goodbye Yellow Brick Road,Elton John,,,https://www.sheetmusicdirect.com/en-US/se/ID_No/28684/Product.aspx,,,,,
goodnight n go,Ariana Grande,,0,https://www.sheetmusicdirect.com/en-US/se/ID_No/406838/Product.aspx,,,,,
Got To Be There,"Michael Jackson, Elliot Willensky",,,https://www.sheetmusicdirect.com/en-US/se/ID_No/59538/Product.aspx,,,,,
Green-Eyed Lady,Sugarloaf,,,https://www.sheetmusicdirect.com/en-US/se/ID_No/52124/Product.aspx,,,,,
Hana-bi,Joe Hisaishi,★★,,PDF,,,,,
Handbags and Gladrags,Michael D'Abo,,,https://www.sheetmusicdirect.com/en-US/se/ID_No/32484/Product.aspx,,,,,
Happy Ending,MIKA,★★,,https://www.sheetmusicdirect.com/en-US/se/ID_No/59051/Product.aspx,,,,,
Hard to Say I'm Sorry,Chicago,,,https://www.sheetmusicdirect.com/en-US/se/ID_No/16370/Product.aspx,,,,,
Havana,Camila Cabello,,,https://www.sheetmusicdirect.com/en-US/se/ID_No/187744/Product.aspx,,,,,
Heart of Glass,Blondie,,,https://www.sheetmusicdirect.com/en-US/se/ID_No/30073/Product.aspx,,,,,
Heatwaves,Glass Animals,★,,https://musescore.com/user/39593079/scores/7511861,,,,,
Heavyweight,Infected Mushroom,,,PDF,,,,,
Hello,Lionel Richie,★★★★,,https://www.sheetmusicdirect.com/en-US/se/ID_No/50189/Product.aspx,,,,,
Hello,Evanescence,★,,https://www.sheetmusicdirect.com/en-US/se/ID_No/37111/Product.aspx,,,,,
Here,Alessia Cara,★★★,,https://www.sheetmusicdirect.com/en-US/se/ID_No/162364/Product.aspx,,,,,
Here Comes the Sun,The Beatles,,,https://www.sheetmusicdirect.com/en-US/se/ID_No/13667/Product.aspx,,,,,
Here Without You,3 Doors Down,★★,-1,https://www.sheetmusicdirect.com/en-US/se/ID_No/29174/Product.aspx,,,,,
Here's That Rainy Day,Burke,★★★,,https://www.sheetmusicdirect.com/en-US/se/ID_No/93594/Product.aspx,,,,,
Hero,Enrique Englasias,,,https://www.sheetmusicdirect.com/en-US/se/ID_No/18895/Product.aspx,,,,,
Hey There Delilah,Plain White T's,★★,,https://www.sheetmusicdirect.com/en-US/se/ID_No/94805/Product.aspx,,,,,
High Hopes,Panic! At the Disco,,,https://www.sheetmusicdirect.com/en-US/se/ID_No/402956/Product.aspx,,,,,
Holdin’ on to Yesterday,Ambrosia,,,https://musescore.com/user/39593079/scores/16248523,,,,,
Holding Out for a Hero,Bonnie Tyler,,,https://www.sheetmusicdirect.com/en-US/se/ID_No/86290/Product.aspx,,,,,
Hot Stuff,Donna Summer,,,https://www.sheetmusicdirect.com/en-US/se/ID_No/57433/Product.aspx,,,,,
Hotel California,Eagles,,,https://www.sheetmusicdirect.com/en-US/se/ID_No/80404/Product.aspx,,,,,
House Is Not A Home,Bacharach & David,★★★★,,https://www.sheetmusicdirect.com/en-US/se/ID_No/76979/Product.aspx,,,,,
How Deep Is Your Love,Bee Gees,★★★,0,https://www.sheetmusicdirect.com/en-US/se/ID_No/13670/Product.aspx,,,,,
Hurt,Christina Aguilera,,,https://www.sheetmusicdirect.com/en-US/se/ID_No/56469/Product.aspx,,,,,
I Don't Want to Set the World on Fire,The Ink Spots,★★★★,,https://www.sheetmusicdirect.com/en-US/se/ID_No/31345/Product.aspx,,,,,
I Dreamed A Dream (Les Misérables),Michael Ball,★★★★,,https://www.sheetmusicdirect.com/en-US/se/ID_No/38791/Product.aspx,,,,,
I Finally Found Someone,"Barbra Streisand, Bryan Adams",★★★★,,PDF,,,,,
I Got You Babe,Sonny & Cher,,,https://www.sheetmusicdirect.com/en-US/se/ID_No/94372/Product.aspx,,,,,
I Just Fall in Love Again,"The Carpenters, Anne Murray",★★★★,,https://www.sheetmusicdirect.com/en-US/se/ID_No/19652/Product.aspx,,,,,
I Knew I Loved You,Savage Garden,,,https://www.sheetmusicdirect.com/en-US/se/ID_No/157016/Product.aspx,,,,,
I Remember,"Kaskade, deadmau5",★★,,https://musescore.com/user/39593079/scores/20633998,,,,,
I Wanna Dance With Somebody,Whitney Houston,,,https://www.sheetmusicdirect.com/en-US/se/ID_No/19507/Product.aspx,,,,,
I Want It That Way,Backstreet Boys,,,https://www.sheetmusicdirect.com/en-US/se/ID_No/31326/Product.aspx,,,,,
I Want to Be Happy,"Vincent Youmans, Irving Caesar",,,https://www.sheetmusicdirect.com/en-US/se/ID_No/158511/Product.aspx,,,,,
I Want to Know What Love Is,Foreigner,,,https://www.sheetmusicdirect.com/en-US/se/ID_No/33712/Product.aspx,,,,,
I Will Follow You Into the Dark,Death Cab for Cutie,,,https://www.sheetmusicdirect.com/en-US/se/ID_No/94211/Product.aspx,,,,,
I Will Wait For You,Connie Francis,★★★,,PDF,,,,,
I Won't Give Up,Jason Mraz,★★,,https://www.sheetmusicdirect.com/en-US/se/ID_No/87788/Product.aspx,,,,,
I Wouldn’t Want to Be Like You,Alan Parsons Project,★★★,,https://www.sheetmusicdirect.com/en-US/se/ID_No/53691/Product.aspx,,,,,
I'll Be There,The Jackson 5,★★★,,https://www.sheetmusicdirect.com/en-US/se/ID_No/50154/Product.aspx,,,,,
I've Never Been in Love Before,Frank Loesser,★★★★,,https://www.sheetmusicdirect.com/en-US/se/ID_No/52668/Product.aspx,,,,,
If I Can't Love Her (From Beauty and the Beast),"Alan Menken, Tim Rice",★★★★,,https://www.sheetmusicdirect.com/en-US/se/ID_No/16279/Product.aspx,,,,,
If It's Magic,Stevie Wonder,★★★★,,https://www.sheetmusicdirect.com/en-US/se/ID_No/21923/Product.aspx,,,,,
If You're Not the One,Daniel Bedingfield,★★★★,,https://www.sheetmusicdirect.com/en-US/se/ID_No/23393/Product.aspx,,,,,
In Pieces,Linkin Park,,,https://musescore.com/user/189765/scores/6791879,,,,,
In the Stars,Benson Boone,,,https://www.sheetmusicdirect.com/en-US/se/ID_No/1133659/Product.aspx,,,,,
Into Each Life Some Rain Must Fall,"Ella Fitzgerald, The Ink Spots",,,https://www.sheetmusicdirect.com/en-US/se/ID_No/30934/Product.aspx,,,,,
Iris,Goo Goo Dolls,,,https://www.sheetmusicdirect.com/en-US/se/ID_No/18210/Product.aspx,,,,,
Island in the Sun,Weezer,,,https://www.sheetmusicdirect.com/en-US/se/ID_No/151165/Product.aspx,,,,,
Isn’t It Strange,Celeste,★★★★,0,https://www.sheetmusicdirect.com/en-US/se/ID_No/443220/Product.aspx,,,,,
It's All Coming Back to Me Now,Jim Steinman,★★★★,,https://www.sheetmusicdirect.com/en-US/se/ID_No/33592/Product.aspx,,,,,
It's Been Awhile,Staind,,,https://www.sheetmusicdirect.com/en-US/se/ID_No/91898/Product.aspx,,,,,
It's Over,Irving Berlin,,,https://www.sheetmusicdirect.com/en-US/se/ID_No/65431/Product.aspx,,,,,
It's So Hard to Say Goodbye to Yesterday,Jason Mraz,★★★,,https://www.sheetmusicdirect.com/en-US/se/ID_No/155105/Product.aspx,,,,,
Jaded,Miley Cyrus,★★,,https://www.sheetmusicdirect.com/en-US/se/ID_No/1297079/Product.aspx,,,,,
Jar of Hearts,Christina Perri,★★★★,,https://www.sheetmusicdirect.com/en-US/se/ID_No/77596/Product.aspx,,,,,
Jolene,Dolly Parton,,,https://www.sheetmusicdirect.com/en-US/se/ID_No/67584/Product.aspx,,,,,
Just Once,James Ingram,,,https://www.sheetmusicdirect.com/en-US/se/ID_No/21434/Product.aspx,,,,,
Just the Way You Are,Billy Joel,★★★★,,https://www.sheetmusicdirect.com/en-US/se/ID_No/18271/Product.aspx,,,,,
Kids,MGMT,,,https://www.sheetmusicdirect.com/en-US/se/ID_No/43625/Product.aspx,,,,,
Kill Bill,SZA,★,,https://musescore.com/user/28070363/scores/9454399,,,,,
Knights of Cydonia,MUSE,,,https://www.sheetmusicdirect.com/en-US/se/ID_No/158781/Product.aspx,,,,,
Knockin' On Heaven's Door,Bob Dylan,★★★★,-1,https://www.sheetmusicdirect.com/en-US/se/ID_No/33378/Product.aspx,,,,,
L'envie d'aimer,Daniel Lévi,★★★★,,PDF,,,,,
La danse d'amour,Patrick Hamilton,★★,,https://www.sheetmusicdirect.com/en-US/se/ID_No/841844/Product.aspx,,,,,
La Farfalla,Patrick Hamilton,★★★,,https://www.sheetmusicdirect.com/en-US/se/ID_No/841840/Product.aspx,,,,,
La Vie en rose,"Louiguy, Edith Piaf",,,https://www.sheetmusicdirect.com/en-US/se/ID_No/158540/Product.aspx,,,,,
Landslide,Fleetwood Mac,,,https://www.sheetmusicdirect.com/en-US/se/ID_No/50747/Product.aspx,,,,,
Lately,Stevie Wonder,★★★,,https://www.sheetmusicdirect.com/en-US/se/ID_No/58219/Product.aspx,,,,,
Leave Out All the Rest,Linkin Park,★★★,,https://www.sheetmusicdirect.com/en-US/se/ID_No/70334/Product.aspx,,,,,
Leave the Door Open,"Anderson .Paak, Bruno Mars, Silk Sonic",★,-2,https://www.sheetmusicdirect.com/en-US/se/ID_No/479939/Product.aspx,,,,,
Leaving On A Jet Plane,John Denver,★★★★,,https://www.sheetmusicdirect.com/en-US/se/ID_No/24129/Product.aspx,,,,,
Let Go,Frou Frou,★★★,,https://www.sheetmusicdirect.com/en-US/se/ID_No/51038/Product.aspx,,,,,
Let's Call the Whole Thing Off,George and Ira Gershwin,,,https://www.sheetmusicdirect.com/en-US/se/ID_No/46778/Product.aspx,,,,,
Life on Mars?,David Bowie,★,,https://www.sheetmusicdirect.com/en-US/se/ID_No/38610/Product.aspx,,,,,
Lift Me Up,Rihanna,,,https://www.sheetmusicdirect.com/en-US/se/ID_No/1219986/Product.aspx,,,,,
Light Switch,Charlie Puth,★,,https://www.sheetmusicdirect.com/en-US/se/ID_No/572892/Product.aspx,,,,,
Lights,Ellie Goulding,★,,https://www.sheetmusicdirect.com/en-US/se/ID_No/91723/Product.aspx,,,,,
Lights,Journey,,0,https://www.sheetmusicdirect.com/en-US/se/ID_No/25082/Product.aspx,,,,,
Linger,The Cranberries,★★,,https://www.sheetmusicdirect.com/en-US/se/ID_No/64563/Product.aspx,,,,,
Live and Let Die,Paul McCartney,,,https://www.sheetmusicdirect.com/en-US/se/ID_No/24159/Product.aspx,,,,,
Logical Song,Supertramp,,,https://www.sheetmusicdirect.com/en-US/se/ID_No/19578/Product.aspx,,,,,
Lollipops and Roses,Tony Velona,,,https://www.sheetmusicdirect.com/en-US/se/ID_No/29531/Product.aspx,,,,,
Lonely,"Justin Bieber, Benny Blanco",★★,,https://musescore.com/user/2489906/scores/6401733,,,,,
Lost & Found,Lianne La Havas,,0,https://www.sheetmusicdirect.com/en-US/se/ID_No/114067/Product.aspx,,,,,
Lost On You,LP,★★★,,https://www.sheetmusicdirect.com/en-US/se/ID_No/123764/Product.aspx,,,,,
Love ,Keyshia Cole,★★★★,,https://www.sheetmusicdirect.com/en-US/se/ID_No/54242/Product.aspx,,,,,
Love Changes Everything (Aspects of Love),Andrew Lloyd Webber,★★,,https://www.sheetmusicdirect.com/en-US/se/ID_No/21375/Product.aspx,,,,,
Love for a Child,Jason Mraz,★★,,https://www.sheetmusicdirect.com/en-US/se/ID_No/73919/Product.aspx,,,,,
Love Never Felt So Good,Michael Jackson,★★★★★,,https://www.sheetmusicdirect.com/en-US/se/ID_No/118659/Product.aspx,,,,,
Love of My Life,Queen,,,https://www.sheetmusicdirect.com/en-US/se/ID_No/421755/Product.aspx,,,,,
Love Someone,Jason Mraz,★★,,https://www.sheetmusicdirect.com/en-US/se/ID_No/154425/Product.aspx,,,,,
Lovers Waltz,David Lanz,,,https://www.sheetmusicdirect.com/en-US/se/ID_No/482921/Product.aspx,,,,,
Lucky,Jason Mraz,★,,https://www.sheetmusicdirect.com/en-US/se/ID_No/70065/Product.aspx,,,,,
Lullaby of Birdland,George Shearing,★★★★,,https://www.sheetmusicdirect.com/en-US/se/ID_No/18890/Product.aspx,,,,,
Lullabye (Goodnight My Angel),Billy Joel,★★,,https://www.sheetmusicdirect.com/en-US/se/ID_No/18283/Product.aspx,,,,,
Mad World,Gary Jules,,,https://www.sheetmusicdirect.com/en-US/se/ID_No/26081/Product.aspx,,,,,
Make You Feel My Love,Adele Adkins,★★,,https://www.sheetmusicdirect.com/en-US/se/ID_No/40039/Product.aspx,,,,,
Maneater (Chords),Hall & Oates,★★★,,https://www.sheetmusicdirect.com/en-US/se/ID_No/1408528/Product.aspx,,,,,
Me and My Shadow,"Frank Sinatra, Sammy Davis Jr.",★★★,,https://www.sheetmusicdirect.com/en-US/se/ID_No/94275/Product.aspxx,,,,,
Melodramma,Andrea Bocelli,,,https://www.sheetmusicdirect.com/en-US/se/ID_No/409185/Product.aspx,,,,,
Memories,Maroon 5,★★,-1,https://www.sheetmusicdirect.com/en-US/se/ID_No/424542/Product.aspx,,,,,
Metamorphosis: Two,Philip Glass,,,https://www.sheetmusicdirect.com/en-US/se/ID_No/118878/Product.aspx,,,,,
Midnight Radio (Hedwig and the Angry Inch),Stephen Trask,,,https://www.sheetmusicdirect.com/en-US/se/ID_No/28207/Product.aspx,,,,,
Mirrors,Justin Timberlake,★★★,,https://www.sheetmusicdirect.com/en-US/se/ID_No/97062/Product.aspx,,,,,
Misty,Erroll Garner (Scott Camp Version),,,https://musescore.com/user/39593079/scores/16442035,,,,,
Monster,"Shawn Mendes, Justin Bieber",,,https://www.sheetmusicdirect.com/en-US/se/ID_No/473791/Product.aspx,,,,,
Moon River,Henry Mancini,★★★★,,https://www.sheetmusicdirect.com/en-US/se/ID_No/16411/Product.aspx,,,,,
Mountain Greenery,Richard Rodgers,★★★,,https://www.sheetmusicdirect.com/en-US/se/ID_No/83332/Product.aspx,,,,,
Mr. Blue Sky,Electric Light Orchestra,,,https://www.sheetmusicdirect.com/en-US/se/ID_No/62966/Product.aspx,,,,,
Mr. Curiosity,Jason Mraz,★★,,https://www.sheetmusicdirect.com/en-US/se/ID_No/54403/Product.aspx,,,,,
My All,Mariah Carey,★★★,,https://www.sheetmusicdirect.com/en-US/se/ID_No/63670/Product.aspx,,,,,
My Favorite Things,Rodgers and Hammerstein,,,https://www.sheetmusicdirect.com/en-US/se/ID_No/16570/Product.aspx,,,,,
My Immortal,Evanescence,,,https://www.sheetmusicdirect.com/en-US/se/ID_No/32998/Product.aspx,,,,,
My Love,Paul McCartney,,,https://musescore.com/official_scores/scores/6946752,,,,,
Need You Now,Lady A,,,https://www.sheetmusicdirect.com/en-US/se/ID_No/72535/Product.aspx,,,,,
Never Enough (The Greatest Showman),Loren Allred,,,https://www.sheetmusicdirect.com/en-US/se/ID_No/198160/Product.aspx,,,,,
Never Gonna Give You Up,Rick Astley,★★,,https://www.sheetmusicdirect.com/en-US/se/ID_No/64429/Product.aspx,,,,,
Nights In White Satin,The Moody Blues,★★★★,,https://www.sheetmusicdirect.com/en-US/se/ID_No/13707/Product.aspx,,,,,
No Bravery,James Blunt,★★★★,,https://www.sheetmusicdirect.com/en-US/se/ID_No/32365/Product.aspx,,,,,
No Doubt,Don't Speak,,,https://www.sheetmusicdirect.com/en-US/se/ID_No/50759/Product.aspx,,,,,
No More Drama,Mary J. Blige,★,,https://www.sheetmusicdirect.com/en-US/se/ID_No/19283/Product.aspx,,,,,
November Rain,Guns N' Roses,★★,,https://www.sheetmusicdirect.com/en-US/se/ID_No/76207/Product.aspx,,,,,
Old And Wise,Alan Parsons Project,★★★,,https://www.sheetmusicdirect.com/en-US/se/ID_No/67135/Product.aspx,,,,,
Old Love,Eric Clapton,,0,https://www.sheetmusicdirect.com/en-US/se/ID_No/254180/Product.aspx,,,,,
One Day I'll Fly Away (Moulin Rouge),"Joe Sample, Will Jennings",★★★★★,,https://www.sheetmusicdirect.com/en-US/se/ID_No/18040/Product.aspx,,,,,
One Last Night,Vaults,,,https://musescore.com/official_scores/scores/6933092,,,,,
One Moment In Time,Whitney Houston,★★,,https://www.sheetmusicdirect.com/en-US/se/ID_No/92007/Product.aspx,,,,,
One Sweet Day,"Mariah Carey, Boyz II Men",,,https://www.sheetmusicdirect.com/en-US/se/ID_No/16293/Product.aspx,,,,,
Only Hope,Mandy Moore,,,https://www.sheetmusicdirect.com/en-US/se/ID_No/19796/Product.aspx,,,,,
Only Human,The Jonas Brother,,0,https://www.sheetmusicdirect.com/en-US/se/ID_No/421744/Product.aspx,,,,,
Only Time,Enya,,,https://www.sheetmusicdirect.com/en-US/se/ID_No/18828/Product.aspx,,,,,
Ordinary People,John Legend,,,https://www.sheetmusicdirect.com/en-US/se/ID_No/31711/Product.aspxx,,,,,
Our House,Graham Nash,,,https://www.sheetmusicdirect.com/en-US/se/ID_No/18301/Product.aspx,,,,,
Over at the Frankenstein Place,Rocky Horror,★★★,,https://www.sheetmusicdirect.com/en-US/se/ID_No/76999/Product.aspx,,,,,
Over My Head (Cable Car),The Fray,,,https://www.sheetmusicdirect.com/en-US/se/ID_No/54718/Product.aspx,,,,,
Overprotected,Britney Spears,★,,https://www.sheetmusicdirect.com/en-US/se/ID_No/31321/Product.aspx,,,,,
Passionfruit,Drake,★,,https://www.sheetmusicdirect.com/en-US/se/ID_No/181497/Product.aspx,,,,,
Peaceful Easy Feeling,The Eagles,,,https://www.sheetmusicdirect.com/en-US/se/ID_No/96927/Product.aspx,,,,,
Peaches,Justin Bieber,,,https://www.sheetmusicdirect.com/en-US/se/ID_No/485205/Product.aspx,,,,,
Perfect,Ed Sheeran,,,https://www.sheetmusicdirect.com/en-US/se/ID_No/180500/Product.aspx,,,,,
Plane,Jason Mraz,★★,,https://www.sheetmusicdirect.com/en-US/se/ID_No/54350/Product.aspx,,,,,
Please Please Please,Sabrina Carpenter,,,https://musescore.com/user/39593079/scores/17907490,,,,,
Positions,Ariana Grande,★★★★,,https://www.sheetmusicdirect.com/en-US/se/ID_No/471655/Product.aspx,,,,,
Princess of China,Coldplay,,,https://www.sheetmusicdirect.com/en-US/se/ID_No/409496/Product.aspx,,,,,
Prodigal,OneRepublic,★★★★,,https://www.sheetmusicdirect.com/en-US/se/ID_No/64981/Product.aspx,,,,,
Puff The Magic Dragon,Peter Yarrow,★★★,,https://www.sheetmusicdirect.com/en-US/se/ID_No/76363/Product.aspx,,,,,
Requiem pour un fou,Johnny Hallyday,,,https://musescore.com/elliomario/scores/6599255,,,,,
Ribbon in the Sky,Stevie Wonder,★★★★,,https://www.sheetmusicdirect.com/en-US/se/ID_No/22283/Product.aspx,,,,,
Right Here Waiting For You,Richard Marx,★★,0,https://www.sheetmusicdirect.com/en-US/se/ID_No/77608/Product.aspx,,,,,
Rocket Man,Elton John,★★★★★,,https://www.sheetmusicdirect.com/en-US/se/ID_No/50801/Product.aspx,,,,,
Running Up That Hill (A Deal with God),Kate Bush,,,https://www.sheetmusicdirect.com/en-US/se/ID_No/1139866/Product.aspx,,,,,
Santeria,Sublime,,,https://www.sheetmusicdirect.com/en-US/se/ID_No/155264/Product.aspx,,,,,
Save the Best for Last,Vanessa Williams,★★,0,https://www.sheetmusicdirect.com/en-US/se/ID_No/50802/Product.aspxx,,,,,
Say (All I Need),OneRepublic,★★★,,https://www.sheetmusicdirect.com/en-US/se/ID_No/64980/Product.aspx,,,,,
Say It Ain't So,Weezer,,,https://www.sheetmusicdirect.com/en-US/se/ID_No/63820/Product.aspx,,,,,
Say My Name,Destiny's Child,,,https://www.sheetmusicdirect.com/en-US/se/ID_No/64549/Product.aspx,,,,,
Say Something,"A Great Big World, Christina Aguilera",,,https://www.sheetmucsicdirect.com/en-US/se/ID_No/151262/Product.aspx,,,,,
Scared to Be Lonely,"Martin Garrix, Dua Lipa",,,https://musescore.com/official_scores/scores/6931577,,,,,
Scared to Be Lonely (VAX Cover),"Martin Garrix, Dua Lipa, VAX",,-4,https://www.sheetmusicdirect.com/en-US/se/ID_No/403871/Product.aspx,,,,,
"Science Fiction, Double Feature (Rocky Horror Picture Show)",Richard O'Brien,,,https://www.sheetmusicdirect.com/en-US/se/ID_No/77001/Product.aspx,,,,,
Second Hand Rose,"Grant Clarke, James F. Hanley ",★★★,,https://www.sheetmusicdirect.com/en-US/se/ID_No/30492/Product.aspx,,,,,
Secrets,OneRepublic,★,0,https://www.sheetmusicdirect.com/en-US/se/ID_No/76521/Product.aspx,,,,,
sh,JVKE,,,https://www.sheetmusicdirect.com/en-US/se/ID_No/1202488/Product.aspx,,,,,
Shadow,Lady Gaga,★★★★,,https://www.sheetmusicdirect.com/en-US/se/ID_No/403041/Product.aspx,,,,,
Shadow of the Day,Linkin Park,★★★★,,https://www.sheetmusicdirect.com/en-US/se/ID_No/62989/Product.aspx,,,,,
Shadowland (from The Lion King),"Lebo M, Hans Zimmer, Mark Mancina",,,https://www.sheetmusicdirect.com/en-US/se/ID_No/175798/Product.aspx,,,,,
Shape Of My Heart,Backstreet Boys,★★,,https://www.sheetmusicdirect.com/en-US/se/ID_No/57047/Product.aspx,,,,,
She,Harry Styles,★,,https://www.sheetmusicdirect.com/en-US/se/ID_No/446313/Product.aspx,,,,,
Show Me the Way,Styx,★★★,,https://www.sheetmusicdirect.com/en-US/se/ID_No/65339/Product.aspx,,,,,
Sing For Absolution,Muse,,,https://musescore.com/official_scores/scores/6932600,,,,,
Sing For Absolution (in F Major),MUSE,,,PDF,,,,,
Sittin' on Top of the World,"Walter Vinson, Lonnie Chatmon",,,https://www.sheetmusicdirect.com/en-US/se/ID_No/31351/Product.aspx,,,,,
Six Underground,Sneaker Pimps,★★,,https://musescore.com/user/39593079/scores/15380617,,,,,
Smooth Operator,Sade,,0,https://www.sheetmusicdirect.com/en-US/se/ID_No/29451/Product.aspx,,,,,
So Amazing,Luther Vandross,★★★★,+1,https://www.sheetmusicdirect.com/en-US/se/ID_No/199095/Product.aspx,,,,,
Somebody to Love,Queen,,,https://www.sheetmusicdirect.com/en-US/se/ID_No/58814/Product.aspxx,,,,,
Somebody Told Me,The Killers,,-1,https://www.sheetmusicdirect.com/en-US/se/ID_No/30350/Product.aspx,,,,,
Someone Like You,"Adele Adkins, Dan Wilson",,,https://www.sheetmusicdirect.com/en-US/se/ID_No/84082/Product.aspx,,,,,
Someone Like You (From Jekyll & Hyde),Frank Wildhorn,★★★★★,,https://www.sheetmusicdirect.com/en-US/se/ID_No/16618/Product.aspx,,,,,
Someone To Save You,OneRepublic,,,https://www.sheetmusicdirect.com/en-US/se/ID_No/64978/Product.aspx,,,,,
Someone You Loved,Lewis Capaldi,,,https://www.sheetmusicdirect.com/en-US/se/ID_No/409456/Product.aspx,,,,,
Something About Us,Daft Punk,★★,,https://musescore.com/user/4002676/scores/6784401,,,,,
Somewhere Only We Know,Keane,,0,https://www.sheetmusicdirect.com/en-US/se/ID_No/50160/Product.aspx,,,,,
Somewhere Over The Rainbow,Harold Arlen,★★★★,,https://www.sheetmusicdirect.com/en-US/se/ID_No/24161/Product.aspx,,,,,
Sonata In C Major,Mozart,,,https://www.sheetmusicdirect.com/en-US/se/ID_No/21560/Product.aspx,,,,,
Songs from a Secret Garden,Secret Garden,★★★★,,https://www.sheetmusicdirect.com/en-US/se/ID_No/252322/Product.aspx,,,,,
Sorry Seems to Be the Hardest Word,Elton John,★★★★,,https://www.sheetmusicdirect.com/en-US/se/ID_No/23641/Product.aspx,,,,,
Space Man,Sam Ryder,★★★★,+1,https://www.sheetmusicdirect.com/en-US/se/ID_No/1132504/Product.aspx,,,,,
Sparks,Coldplay,,,https://www.sheetmusicdirect.com/en-US/se/ID_No/403203/Product.aspx,,,,,
Stay,Rihanna,,,https://www.sheetmusicdirect.com/en-US/se/ID_No/115689/Product.aspx,,,,,
Stay,Alessia Cara ft Zedd,,,https://www.sheetmusicdirect.com/en-US/se/ID_No/187030/Product.aspx,,,,,
Stay With Me,Sam Smith,,,https://www.sheetmusicdirect.com/en-US/se/ID_No/118859/Product.aspx,,,,,
Stormy Weather,Harold Arlen,,,https://www.sheetmusicdirect.com/en-US/se/ID_No/13857/Product.aspx,,,,,
Strange Magic,Electric Light Orchestra,★★,,https://www.sheetmusicdirect.com/en-US/se/ID_No/23477/Product.aspx,,,,,
Strangers,Seven Lions,★★,,https://musescore.com/user/30755992/scores/5388219,,,,,
Strawberry Fields,The Beatles,,,https://www.sheetmusicdirect.com/en-US/se/ID_No/25867/Product.aspx,,,,,
Stressed Out,21 Pilots,,0,https://www.sheetmusicdirect.com/en-US/se/ID_No/161462/Product.aspx,,,,,
Such Great Heights,The Postal Service,★,,PDF,,,,,
"Sugar, We’re Goin Down",Fall Out Boy,,,https://www.sheetmusicdirect.com/en-US/se/ID_No/157363/Product.aspx,,,,,
Summertime Sadness,Lana Del Rey,★,,https://www.sheetmusicdirect.com/en-US/se/ID_No/113700/Product.aspx,,,,,
Sun and Moon (Miss Saigon),Claude-Michel Schönberg,★★,,https://www.sheetmusicdirect.com/en-US/se/ID_No/29248/Product.aspx,,,,,
Sunroof,"Nicky Youre, Dazy",,,https://www.sheetmusicdirect.com/en-US/se/ID_No/1194856/Product.aspx,,,,,
Super Rich Kids,Frank Ocean,,,https://www.sheetmusicdirect.com/en-US/se/ID_No/95065/Product.aspx,,,,,
Superman,Five for Fighting,★★★,,https://musescore.com/official_scores/scores/6961655,,,,,
Swanee,"George Gershwin, Irving Caesar",,,https://www.sheetmusicdirect.com/en-US/se/ID_No/53029/Product.aspx,,,,,
Sweet Child o' Mine,Guns N' Roses,★★,,https://www.sheetmusicdirect.com/en-US/se/ID_No/76201/Product.aspx,,,,,
Sweet Love,Anita Baker,★★★★,,https://www.sheetmusicdirect.com/en-US/se/ID_No/94726/Product.aspx,,,,,
Swinging on a Star,Bing Crosby,★,,https://www.sheetmusicdirect.com/en-US/se/ID_No/94261/Product.aspx,,,,,
"Take Me Home, Country Roads",John Denver,,,https://www.sheetmusicdirect.com/en-US/se/ID_No/29318/Product.aspx,,,,,
Tea for Two,"Vincent Youmans, Irving Caesar",,,https://www.sheetmusicdirect.com/en-US/se/ID_No/158719/Product.aspx,,,,,
Tell Me on a Sunday (Song and Dance),Andrew Lloyd Webber,★,,https://www.sheetmusicdirect.com/en-US/se/ID_No/21437/Product.aspx,,,,,
"Thank U, Next",Ariana Grande,★★★,,https://www.sheetmusicdirect.com/en-US/se/ID_No/405381/Product.aspx,,,,,
Thank You,Dido,★★★,,https://www.sheetmusicdirect.com/en-US/se/ID_No/27329/Product.aspx,,,,,
Thank You for the Music,ABBA,,,https://www.sheetmusicdirect.com/en-US/se/ID_No/51028/Product.aspx,,,,,
That's the Way Love Goes,Janet Jackson,,,https://www.sheetmusicdirect.com/en-US/se/ID_No/101072/Product.aspx,,,,,
The Best of Times,Styx,,,https://www.sheetmusicdirect.com/en-US/se/ID_No/65338/Product.aspxx,,,,,
The Boys of Summer,Don Henley,★★★★,,https://www.sheetmusicdirect.com/en-US/se/ID_No/94838/Product.aspx,,,,,
The Closer I Get to You,Roberta Flack,★★★,,https://www.sheetmusicdirect.com/en-US/se/ID_No/54025/Product.aspx,,,,,
The End Of The World,Skeeter Davis,★★★,,https://www.sheetmusicdirect.com/en-US/se/ID_No/37419/Product.aspx,,,,,
The Great Escape,Boys Like Girls,★★★,,https://www.sheetmusicdirect.com/en-US/se/ID_No/59300/Product.aspx,,,,,
The Longest Time,Billy Joel,,,https://www.sheetmusicdirect.com/en-US/se/ID_No/23364/Product.aspx,,,,,
The Origin of Love,Stephen Trask,,,https://www.sheetmusicdirect.com/en-US/se/ID_No/28208/Product.aspx,,,,,
The Shadow of Your Smile (The Sandpiper),Johnny Mandel,★★★★,,https://www.sheetmusicdirect.com/en-US/se/ID_No/435150/Product.aspx,,,,,
The Show Must Go On,Queen,,,https://www.sheetmusicdirect.com/en-US/se/ID_No/35794/Product.aspx,,,,,
The Sweet Escape,Gwen Stefani,,,https://www.sheetmusicdirect.com/en-US/se/ID_No/59625/Product.aspx,,,,,
The Way It Is,Bruce Hornsby,,0,https://www.sheetmusicdirect.com/en-US/se/ID_No/74551/Product.aspx,,,,,
"There’s a Fine, Fine Line (Avenue Q)","Robert Lopez, Jeff Marx",★★,,https://www.sheetmusicdirect.com/en-US/se/ID_No/28494/Product.aspx,,,,,
These Eyes,Guess Who,,,https://www.sheetmusicdirect.com/en-US/se/ID_No/87693/Product.aspx,,,,,
Thinkin’ Bout You,Frank Ocean,,,https://www.sheetmusicdirect.com/en-US/se/ID_No/95062/Product.aspxx,,,,,
This Is the Moment (From Jekyll & Hyde),Frank Wildhorn,★★★★★,,https://www.sheetmusicdirect.com/en-US/se/ID_No/32668/Product.aspx,,,,,
Thnks fr th Mmrs,Fall Out Boy,,-1,https://www.sheetmusicdirect.com/en-US/se/ID_No/58874/Product.aspx,,,,,
Tie a Yellow Ribbon Round the Ole Oak Tree,Tony Orlando and Dawn,,,https://www.sheetmusicdirect.com/en-US/se/ID_No/23394/Product.aspx,,,,,
Till There Was You (The Music Man),Meredith Willson,★★,,https://www.sheetmusicdirect.com/en-US/se/ID_No/55233/Product.aspx,,,,,
Time To Say Goodbye,"Francesco Sartori, Lucio Quarantotto",★★,,https://www.sheetmusicdirect.com/en-US/se/ID_No/27514/Product.aspx,,,,,
Titanium (feat Sia),Guetta,★★★★,,https://www.sheetmusicdirect.com/en-US/se/ID_No/113581/Product.aspx,,,,,
To Where You Are,Josh Groban,★★★,,https://www.sheetmusicdirect.com/en-US/se/ID_No/78714/Product.aspx,,,,,
Tonight I Celebrate My Love,"Peabo Bryson, Roberta Flack",,,https://www.sheetmusicdirect.com/en-US/se/ID_No/22064/Product.aspx,,,,,
Took the Long Way Home,Supertramp,,,https://www.sheetmusicdirect.com/en-US/se/ID_No/84796/Product.aspx,,,,,
Total Eclipse of the Heart,Bonnie Tyler,,,https://www.sheetmusicdirect.com/en-US/se/ID_No/33489/Product.aspx,,,,,
Toxic,Britney Spears,★,0,https://www.sheetmusicdirect.com/en-US/se/ID_No/26639/Product.aspx,,,,,
Trembling Hands,Temper Trap,★★,,https://www.sheetmusicdirect.com/en-US/se/ID_No/92146/Product.aspx,,,,,
Trouble,Coldplay,,,https://www.sheetmusicdirect.com/en-US/se/ID_No/15905/Product.aspx,,,,,
Turn Your Love Around,George Benson,★★,,https://www.sheetmusicdirect.com/en-US/se/ID_No/59014/Product.aspx,,,,,
Under the Bridge,Red Hot Chili Peppers,★,0,https://www.sheetmusicdirect.com/en-US/se/ID_No/64535/Product.aspx,,,,,
Unexpected Song (from Song & Dance),Andrew Lloyd Webber,,,https://www.sheetmusicdirect.com/en-US/se/ID_No/29872/Product.aspx,,,,,
Until I Found You,Stephen Sanchez,★★★★,,https://www.sheetmusicdirect.com/en-US/se/ID_No/1150475/Product.aspx,,,,,
Up Where We Belong,Joe Crocker,★★★★,,https://www.sheetmusicdirect.com/en-US/se/ID_No/26230/Product.aspx,,,,,
Used to Be Young,Miley Cyrus,★★★★★,,https://www.sheetmusicdirect.com/en-US/se/ID_No/1380502/Product.aspx,,,,,
Vienna,Billy Joel,★★★★,,https://www.sheetmusicdirect.com/en-US/se/ID_No/72899/Product.aspx,,,,,
"Vincent (Starry, Starry Night)",Don McLean,★★★★★,,https://www.sheetmusicdirect.com/en-US/se/ID_No/50824/Product.aspx,,,,,
Waiting for a Girl Like You,Foreigner,★★★★,+1,https://www.sheetmusicdirect.com/en-US/se/ID_No/85917/Product.aspx,,,,,
Wake Me Up When September Ends,Green Day,,,https://www.sheetmusicdirect.com/en-US/se/ID_No/94037/Product.aspx,,,,,
Walk On By,Dionne Warwick,,,https://www.sheetmusicdirect.com/en-US/se/ID_No/28402/Product.aspx,,,,,
Watermelon Sugar,Harry Styles,,,https://www.sheetmusicdirect.com/en-US/se/ID_No/442365/Product.aspx,,,,,
We Don't Talk Anymore,Charlie Puth,★★★★,,https://www.sheetmusicdirect.com/en-US/se/ID_No/174661/Product.aspx,,,,,
What About Love?,Heart,,0,https://www.sheetmusicdirect.com/en-US/se/ID_No/30721/Product.aspx,,,,,
What About Us,Pink,,,https://www.sheetmusicdirect.com/en-US/se/ID_No/187743/Product.aspx,,,,,
What Do You Do with a B.A. in English?,Avenue Q,★★★★,,https://www.sheetmusicdirect.com/en-US/se/ID_No/28495/Product.aspx,,,,,
What Else Is There,Royksopp,★,,https://musescore.com/user/31189059/scores/6144435,,,,,
What I Did for Love,A Chorus Line,★★★★,,https://www.sheetmusicdirect.com/en-US/se/ID_No/29827/Product.aspx,,,,,
What Is Love?,Haddaway,★★★★,,https://www.sheetmusicdirect.com/en-US/se/ID_No/59410/Product.aspx,,,,,
What Was I Made For (Barbie),Billie Eilish,★★★★★,,https://www.sheetmusicdirect.com/en-US/se/ID_No/1360554/Product.aspx,,,,,
What You Wont Do For Love,Bobby Caldwell,★★,,https://www.sheetmusicdirect.com/en-US/se/ID_No/27623/Product.aspx,,,,,
What's Love Got to Do with It?,Tina Turner,,,https://www.sheetmusicdirect.com/en-US/se/ID_No/52493/Product.aspx,,,,,
What's Up?,4 Non Blondes,★★,,https://www.sheetmusicdirect.com/en-US/se/ID_No/18178/Product.aspx,,,,,
When I Was Your Man,Bruno Mars,,0,https://www.sheetmusicdirect.com/en-US/se/ID_No/95337/Product.aspx,,,,,
When You Were Young,The Killers,,,https://www.sheetmusicdirect.com/en-US/se/ID_No/56367/Product.aspx,,,,,
White Flag,Dido,★★,,https://www.sheetmusicdirect.com/en-US/se/ID_No/25378/Product.aspx,,,,,
Who Will Buy,Barbara Streisand,★★,,https://www.sheetmusicdirect.com/en-US/se/ID_No/15873/Product.aspx,,,,,
Who Will Save Your Soul,Jewel,★★,,https://www.sheetmusicdirect.com/en-US/se/ID_No/64502/Product.aspx,,,,,
Who's Crying Now,Journey,,0,https://www.sheetmusicdirect.com/en-US/se/ID_No/56924/Product.aspx,,,,,
Wicked Game,Chris Isaak,★★,0,https://www.sheetmusicdirect.com/en-US/se/ID_No/33803/Product.aspx,,,,,
Wicked Little Town,Stephen Trask,★★★,,https://www.sheetmusicdirect.com/en-US/se/ID_No/28210/Product.aspx,,,,,
Wig In A Box (Hedwig and the Angry Inch),Stephen Trask,★,,https://www.sheetmusicdirect.com/en-US/se/ID_No/28212/Product.aspx,,,,,
Wildest Dreams,Taylor Swift,★★★★,,https://www.sheetmusicdirect.com/en-US/se/ID_No/157033/Product.aspx,,,,,
Will You Be There,Michael Jackson,★★,0,https://www.sheetmusicdirect.com/en-US/se/ID_No/415640/Product.aspx,,,,,
Wind Beneath My Wings,Bette Midler,★★★,,https://www.sheetmusicdirect.com/en-US/se/ID_No/94668/Product.aspx,,,,,
Wisemen,James Blunt,★★★,,https://www.sheetmusicdirect.com/en-US/se/ID_No/32856/Product.aspx,,,,,
Wish You Were Here,Pink Floyd,,,PDF,,,,,
Witchy Woman,The Eagles,,,https://www.sheetmusicdirect.com/en-US/se/ID_No/96204/Product.aspx,,,,,
With a Little Help from My Friends,Joe Crocker,,,https://www.sheetmusicdirect.com/en-US/se/ID_No/25870/Product.aspx,,,,,
Within,Daft Punk,★★★,,https://www.sheetmusicdirect.com/en-US/se/ID_No/116237/Product.aspx,,,,,
Woman In Love,Barbara Streisand,,,https://www.sheetmusicdirect.com/en-US/se/ID_No/50973/Product.aspx,,,,,
Wonder,Shawn Mendes,,,https://www.sheetmusicdirect.com/en-US/se/ID_No/469937/Product.aspx,,,,,
Wonderful Tonight,Eric Clapton,,0,https://www.sheetmusicdirect.com/en-US/se/ID_No/54425/Product.aspx,,,,,
Wonderwall,Oasis,★★★,,https://www.sheetmusicdirect.com/en-US/se/ID_No/22855/Product.aspx,,,,,
Written in the Stars (Aida),"Adam Pascal, Heather Headley",,,https://sheetmusicdirect.com/en-US/se/ID_No/13881/Product.aspx,,,,,
Year of the Cat,Al Stewart,★,,https://www.sheetmusicdirect.com/en-US/se/ID_No/32219/Product.aspx,,,,,
Yellow,Coldplay,★★★,+2,https://www.sheetmusicdirect.com/en-US/se/ID_No/24125/Product.aspx,,,,,
You,Miley Cyrus,★★★★,,https://www.sheetmusicdirect.com/en-US/se/ID_No/1298511/Product.aspx,,,,,
You and I,Stevie Wonder,★★★★,,https://www.sheetmusicdirect.com/en-US/se/ID_No/27235/Product.aspx,,,,,
You Are Not Alone,Michael Jackson,,,https://musescore.com/official_scores/scores/6976951,,,,,
You Are So Beautiful,Joe Cocker,★,,https://www.sheetmusicdirect.com/en-US/se/ID_No/24963/Product.aspx,,,,,
You Are the Reason,Calum Scott,★★★,,https://www.sheetmusicdirect.com/en-US/se/ID_No/197640/Product.aspx,,,,,
You Belong With Me,Taylor Swift,,,https://www.sheetmusicdirect.com/en-US/se/ID_No/68018/Product.aspx,,,,,
You Can Do Magic,America,,,https://www.sheetmusicdirect.com/en-US/se/ID_No/85946/Product.aspx,,,,,
You Don't Own Me,"John Madara, David White",,,https://www.sheetmusicdirect.com/en-US/se/ID_No/445307/Product.aspx,,,,,
You Light Up My Life,Joseph Brooks,★★★,,https://www.sheetmusicdirect.com/en-US/se/ID_No/30132/Product.aspx,,,,,
You Put a Move on My Heart,"Quincy Jones, Tamia",,,PDF,,,,,
You Say,Lauren Daigle,★★★★,0,https://www.sheetmusicdirect.com/en-US/se/ID_No/254690/Product.aspx,,,,,
You Were Meant for Me,Jewel,★★,,https://www.sheetmusicdirect.com/en-US/se/ID_No/64479/Product.aspx,,,,,
Young and Beautiful,Lana Del Rey,★★★,,https://www.sheetmusicdirect.com/en-US/se/ID_No/19811/Product.aspx,,,,,
Your Secret Love,Luther Vandross,★★★★,,https://www.scribd.com/read/272741192/Brad-Paisley-Greatest-Hits,,,,,
Zombie,Cranberries,★★★,,https://www.sheetmusicdirect.com/en-US/se/ID_No/155258/Product.aspx,,,,,